epoch,time,train/box_loss,train/cls_loss,train/dfl_loss,metrics/precision(B),metrics/recall(B),metrics/mAP50(B),metrics/mAP50-95(B),val/box_loss,val/cls_loss,val/dfl_loss,lr/pg0,lr/pg1,lr/pg2,lr/pg3,lr/pg4,lr/pg5,lr/pg6,lr/pg7
1,412.534,1.25486,1.63722,1.72669,0.68615,0.63744,0.68416,0.38224,1.45375,1.4275,2.16601,0.00999622,0.00333207,0.00999622,0.00333207,0.00999622,0.00333207,0.00999622,0.00333207
2,746.917,1.30704,1.61054,1.80409,0.64925,0.55855,0.6041,0.31888,1.55078,1.63201,2.2614,0.019995,0.006665,0.019995,0.006665,0.019995,0.006665,0.019995,0.006665
3,1062.1,1.39416,1.82026,1.89522,0.6043,0.59376,0.57128,0.30308,1.58712,1.64519,2.30101,0.0299889,0.0099963,0.0299889,0.0099963,0.0299889,0.0099963,0.0299889,0.0099963
4,1373.28,1.40176,1.8737,1.90557,0.67781,0.6262,0.66172,0.36986,1.49123,1.48606,2.15366,0.0299835,0.0099945,0.0299835,0.0099945,0.0299835,0.0099945,0.0299835,0.0099945
5,1685.96,1.32296,1.6789,1.82856,0.73742,0.63614,0.68768,0.38875,1.43716,1.40791,2.14398,0.0299707,0.00999023,0.0299707,0.00999023,0.0299707,0.00999023,0.0299707,0.00999023
6,1997.35,1.25287,1.53515,1.76227,0.75727,0.70272,0.73887,0.46126,1.29959,1.21814,1.97558,0.0299542,0.00998474,0.0299542,0.00998474,0.0299542,0.00998474,0.0299542,0.00998474
7,2308.06,1.21398,1.45653,1.72969,0.78837,0.70651,0.76527,0.49576,1.23522,1.12293,1.90621,0.0299341,0.00997803,0.0299341,0.00997803,0.0299341,0.00997803,0.0299341,0.00997803
8,2619.91,1.16484,1.36914,1.68516,0.79792,0.72129,0.76898,0.50173,1.20567,1.08701,1.86067,0.0299103,0.00997011,0.0299103,0.00997011,0.0299103,0.00997011,0.0299103,0.00997011
9,2931.38,1.14118,1.30587,1.65845,0.81711,0.74075,0.79117,0.52958,1.1844,1.01916,1.82912,0.0298829,0.00996097,0.0298829,0.00996097,0.0298829,0.00996097,0.0298829,0.00996097
10,3242.28,1.12265,1.26881,1.63852,0.82542,0.75477,0.80161,0.53753,1.15964,1.00001,1.80175,0.0298519,0.00995062,0.0298519,0.00995062,0.0298519,0.00995062,0.0298519,0.00995062
11,3554.1,1.09627,1.22338,1.60883,0.81363,0.74452,0.79957,0.54219,1.14604,0.98529,1.81502,0.0298172,0.00993906,0.0298172,0.00993906,0.0298172,0.00993906,0.0298172,0.00993906
12,3866.11,1.08656,1.18915,1.5959,0.83021,0.74943,0.80587,0.54691,1.15203,0.95656,1.78519,0.0297789,0.00992629,0.0297789,0.00992629,0.0297789,0.00992629,0.0297789,0.00992629
13,4176.92,1.06161,1.15261,1.57525,0.83178,0.76745,0.81748,0.56272,1.0977,0.91224,1.74965,0.029737,0.00991232,0.029737,0.00991232,0.029737,0.00991232,0.029737,0.00991232
14,4487.78,1.05342,1.12071,1.56286,0.84672,0.76124,0.82222,0.56619,1.0893,0.91301,1.72547,0.0296915,0.00989715,0.0296915,0.00989715,0.0296915,0.00989715,0.0296915,0.00989715
15,4799.5,1.0325,1.10691,1.55096,0.84919,0.78454,0.83269,0.58016,1.06097,0.88909,1.71886,0.0296424,0.00988079,0.0296424,0.00988079,0.0296424,0.00988079,0.0296424,0.00988079
16,5110.32,1.02792,1.08426,1.54758,0.85402,0.78228,0.83554,0.58778,1.04137,0.85788,1.69021,0.0295897,0.00986323,0.0295897,0.00986323,0.0295897,0.00986323,0.0295897,0.00986323
17,5420.94,1.01686,1.06659,1.5351,0.84436,0.78585,0.83939,0.59851,1.02749,0.83885,1.67113,0.0295335,0.00984449,0.0295335,0.00984449,0.0295335,0.00984449,0.0295335,0.00984449
18,5732.35,1.00587,1.04188,1.52033,0.85972,0.78683,0.84329,0.60028,1.02441,0.83188,1.66519,0.0294737,0.00982456,0.0294737,0.00982456,0.0294737,0.00982456,0.0294737,0.00982456
19,6043.2,0.99882,1.0283,1.51389,0.85863,0.78925,0.84353,0.60418,1.01276,0.81039,1.67502,0.0294104,0.00980345,0.0294104,0.00980345,0.0294104,0.00980345,0.0294104,0.00980345
20,6355.87,0.9898,1.01087,1.50062,0.86101,0.79767,0.855,0.61646,1.00667,0.81838,1.63834,0.0293435,0.00978118,0.0293435,0.00978118,0.0293435,0.00978118,0.0293435,0.00978118
21,6667.81,0.98031,0.99809,1.50254,0.86117,0.79132,0.84677,0.60661,1.01153,0.79157,1.654,0.0292732,0.00975773,0.0292732,0.00975773,0.0292732,0.00975773,0.0292732,0.00975773
22,6979.64,0.97597,0.98052,1.49451,0.85008,0.79994,0.85145,0.61408,0.99435,0.78238,1.62871,0.0291994,0.00973312,0.0291994,0.00973312,0.0291994,0.00973312,0.0291994,0.00973312
23,7292.18,0.97412,0.98385,1.48941,0.85036,0.81482,0.85553,0.62023,0.98558,0.77539,1.62547,0.0291221,0.00970736,0.0291221,0.00970736,0.0291221,0.00970736,0.0291221,0.00970736
24,7604.07,0.96318,0.95724,1.47737,0.87577,0.79179,0.85057,0.61942,0.98966,0.78172,1.63275,0.0290413,0.00968045,0.0290413,0.00968045,0.0290413,0.00968045,0.0290413,0.00968045
25,7915.62,0.95291,0.94477,1.47257,0.87,0.81734,0.85614,0.62458,0.96679,0.75453,1.61383,0.0289572,0.00965239,0.0289572,0.00965239,0.0289572,0.00965239,0.0289572,0.00965239
26,8228.21,0.95372,0.94544,1.47155,0.86148,0.81707,0.86225,0.63505,0.95707,0.74703,1.5991,0.0288696,0.0096232,0.0288696,0.0096232,0.0288696,0.0096232,0.0288696,0.0096232
27,8538.86,0.944,0.93558,1.46264,0.85157,0.81985,0.85997,0.62995,0.95779,0.76015,1.5932,0.0287787,0.00959289,0.0287787,0.00959289,0.0287787,0.00959289,0.0287787,0.00959289
28,8851.26,0.94049,0.91932,1.46161,0.87813,0.80971,0.86837,0.64158,0.94572,0.73393,1.58356,0.0286843,0.00956145,0.0286843,0.00956145,0.0286843,0.00956145,0.0286843,0.00956145
29,9162.58,0.92412,0.90891,1.44435,0.86032,0.82261,0.86614,0.64108,0.94446,0.71928,1.5717,0.0285867,0.00952889,0.0285867,0.00952889,0.0285867,0.00952889,0.0285867,0.00952889
30,9473.75,0.92487,0.90606,1.44697,0.87759,0.81266,0.86693,0.64043,0.9378,0.71917,1.57741,0.0284857,0.00949524,0.0284857,0.00949524,0.0284857,0.00949524,0.0284857,0.00949524
31,9785.83,0.92717,0.89773,1.44358,0.86807,0.82247,0.86827,0.64326,0.93337,0.72665,1.57413,0.0283814,0.00946048,0.0283814,0.00946048,0.0283814,0.00946048,0.0283814,0.00946048
32,10098,0.92133,0.88482,1.4407,0.87229,0.81765,0.86759,0.64623,0.92503,0.72101,1.56088,0.0282739,0.00942464,0.0282739,0.00942464,0.0282739,0.00942464,0.0282739,0.00942464
33,10409.2,0.9087,0.88014,1.433,0.86216,0.8322,0.87206,0.65254,0.915,0.71362,1.54337,0.0281632,0.00938772,0.0281632,0.00938772,0.0281632,0.00938772,0.0281632,0.00938772
34,10721.1,0.90359,0.86198,1.42501,0.8761,0.82902,0.8751,0.656,0.91376,0.69305,1.54517,0.0280492,0.00934973,0.0280492,0.00934973,0.0280492,0.00934973,0.0280492,0.00934973
35,11032.5,0.90738,0.87045,1.42846,0.87452,0.82752,0.87298,0.65425,0.90722,0.68468,1.54639,0.027932,0.00931067,0.027932,0.00931067,0.027932,0.00931067,0.027932,0.00931067
36,11344.1,0.89191,0.85168,1.41673,0.87787,0.82919,0.87927,0.66316,0.89757,0.68555,1.527,0.0278117,0.00927057,0.0278117,0.00927057,0.0278117,0.00927057,0.0278117,0.00927057
37,11655.7,0.90116,0.85261,1.42129,0.87703,0.83701,0.88164,0.6658,0.89181,0.66618,1.52677,0.0276883,0.00922942,0.0276883,0.00922942,0.0276883,0.00922942,0.0276883,0.00922942
38,11968.8,0.88807,0.84672,1.40979,0.88245,0.82759,0.87834,0.66337,0.88292,0.67063,1.51279,0.0275617,0.00918725,0.0275617,0.00918725,0.0275617,0.00918725,0.0275617,0.00918725
39,12279.7,0.87913,0.83488,1.40591,0.86832,0.83087,0.87732,0.66837,0.87589,0.66773,1.50981,0.0274321,0.00914405,0.0274321,0.00914405,0.0274321,0.00914405,0.0274321,0.00914405
40,12591.2,0.88364,0.83751,1.39983,0.86203,0.84138,0.8826,0.67015,0.87922,0.66485,1.51065,0.0272995,0.00909984,0.0272995,0.00909984,0.0272995,0.00909984,0.0272995,0.00909984
41,12902.6,0.87574,0.82423,1.39944,0.87595,0.84401,0.88121,0.67155,0.87645,0.66828,1.50989,0.0271639,0.00905463,0.0271639,0.00905463,0.0271639,0.00905463,0.0271639,0.00905463
42,13213.9,0.87374,0.82699,1.39717,0.8796,0.84418,0.88483,0.67293,0.87434,0.65078,1.50234,0.0270253,0.00900844,0.0270253,0.00900844,0.0270253,0.00900844,0.0270253,0.00900844
43,13525.2,0.86813,0.81524,1.39237,0.87964,0.84543,0.88292,0.67113,0.8713,0.65072,1.49943,0.0268838,0.00896127,0.0268838,0.00896127,0.0268838,0.00896127,0.0268838,0.00896127
44,13837.2,0.86782,0.80484,1.38866,0.87146,0.84199,0.88528,0.67375,0.88095,0.64197,1.50716,0.0267394,0.00891313,0.0267394,0.00891313,0.0267394,0.00891313,0.0267394,0.00891313
45,14149,0.86407,0.80355,1.38985,0.87225,0.84735,0.88508,0.67446,0.86517,0.63944,1.50064,0.0265921,0.00886404,0.0265921,0.00886404,0.0265921,0.00886404,0.0265921,0.00886404
46,14461.9,0.85889,0.79468,1.3844,0.88757,0.8387,0.887,0.67687,0.85811,0.63527,1.48671,0.026442,0.00881401,0.026442,0.00881401,0.026442,0.00881401,0.026442,0.00881401
47,14773.3,0.86267,0.801,1.38642,0.86854,0.85183,0.88571,0.68063,0.8514,0.63802,1.48405,0.0262891,0.00876305,0.0262891,0.00876305,0.0262891,0.00876305,0.0262891,0.00876305
48,15084.1,0.84968,0.7905,1.37813,0.8852,0.83659,0.88742,0.68099,0.85089,0.6262,1.48535,0.0261335,0.00871117,0.0261335,0.00871117,0.0261335,0.00871117,0.0261335,0.00871117
49,15395.4,0.84841,0.78429,1.37843,0.88371,0.84796,0.88895,0.68489,0.85013,0.62836,1.47994,0.0259752,0.00865839,0.0259752,0.00865839,0.0259752,0.00865839,0.0259752,0.00865839
50,15706.7,0.83925,0.78017,1.36906,0.86953,0.85582,0.88643,0.68173,0.84978,0.62947,1.48119,0.0258142,0.00860473,0.0258142,0.00860473,0.0258142,0.00860473,0.0258142,0.00860473
51,16019.3,0.8356,0.7746,1.36227,0.86954,0.84905,0.88639,0.6823,0.84251,0.63215,1.4711,0.0256505,0.00855018,0.0256505,0.00855018,0.0256505,0.00855018,0.0256505,0.00855018
52,16330.7,0.83922,0.78003,1.36174,0.88265,0.84666,0.88895,0.68632,0.83709,0.6251,1.46734,0.0254843,0.00849477,0.0254843,0.00849477,0.0254843,0.00849477,0.0254843,0.00849477
53,16641.6,0.8354,0.76349,1.36378,0.88384,0.84589,0.88888,0.68892,0.83157,0.62509,1.46171,0.0253155,0.00843851,0.0253155,0.00843851,0.0253155,0.00843851,0.0253155,0.00843851
54,16952.8,0.83087,0.75423,1.35915,0.86617,0.86326,0.89223,0.69238,0.83092,0.6168,1.46093,0.0251442,0.00838141,0.0251442,0.00838141,0.0251442,0.00838141,0.0251442,0.00838141
55,17264.3,0.82605,0.75469,1.35874,0.87917,0.84987,0.89163,0.69156,0.83258,0.61541,1.46089,0.0249705,0.00832349,0.0249705,0.00832349,0.0249705,0.00832349,0.0249705,0.00832349
56,17575,0.82451,0.75543,1.35494,0.866,0.86442,0.89309,0.6909,0.82861,0.61687,1.46268,0.0247943,0.00826477,0.0247943,0.00826477,0.0247943,0.00826477,0.0247943,0.00826477
57,17886.8,0.82284,0.75059,1.35581,0.87209,0.85393,0.89146,0.69215,0.82386,0.61947,1.45763,0.0246157,0.00820525,0.0246157,0.00820525,0.0246157,0.00820525,0.0246157,0.00820525
58,18198.9,0.81091,0.75624,1.34645,0.86478,0.86386,0.89269,0.69449,0.82407,0.61377,1.45479,0.0244349,0.00814495,0.0244349,0.00814495,0.0244349,0.00814495,0.0244349,0.00814495
59,18509.8,0.82175,0.74261,1.35348,0.87535,0.85217,0.89045,0.69113,0.82703,0.61722,1.45707,0.0242517,0.00808389,0.0242517,0.00808389,0.0242517,0.00808389,0.0242517,0.00808389
60,18821.1,0.81359,0.73817,1.34001,0.87159,0.86019,0.89093,0.69523,0.8214,0.61475,1.45466,0.0240662,0.00802208,0.0240662,0.00802208,0.0240662,0.00802208,0.0240662,0.00802208
61,19132.5,0.80244,0.73381,1.33383,0.87491,0.86609,0.89087,0.69306,0.82068,0.61669,1.46069,0.0238786,0.00795954,0.0238786,0.00795954,0.0238786,0.00795954,0.0238786,0.00795954
62,19446.2,0.81503,0.74562,1.34705,0.88004,0.85834,0.89168,0.6936,0.81732,0.61236,1.45888,0.0236888,0.00789628,0.0236888,0.00789628,0.0236888,0.00789628,0.0236888,0.00789628
63,19757.6,0.80492,0.71724,1.34083,0.87769,0.85765,0.89365,0.696,0.81558,0.61046,1.45825,0.0234969,0.00783231,0.0234969,0.00783231,0.0234969,0.00783231,0.0234969,0.00783231
64,20069.8,0.79687,0.71558,1.32744,0.87184,0.85805,0.89259,0.69436,0.81433,0.6119,1.45636,0.023303,0.00776766,0.023303,0.00776766,0.023303,0.00776766,0.023303,0.00776766
65,20380.7,0.79908,0.71871,1.33048,0.87112,0.86465,0.8935,0.69521,0.81454,0.61074,1.45668,0.023107,0.00770234,0.023107,0.00770234,0.023107,0.00770234,0.023107,0.00770234
66,20692.7,0.79734,0.71346,1.33191,0.87168,0.8628,0.89387,0.69631,0.81113,0.61296,1.45183,0.0229091,0.00763637,0.0229091,0.00763637,0.0229091,0.00763637,0.0229091,0.00763637
67,21004,0.79074,0.70695,1.32688,0.868,0.86852,0.8938,0.69723,0.81082,0.61478,1.454,0.0227093,0.00756976,0.0227093,0.00756976,0.0227093,0.00756976,0.0227093,0.00756976
68,21315.3,0.78455,0.70312,1.32172,0.86952,0.86691,0.89435,0.69941,0.80843,0.61293,1.45335,0.0225076,0.00750252,0.0225076,0.00750252,0.0225076,0.00750252,0.0225076,0.00750252
69,21626.5,0.78045,0.70568,1.3187,0.87592,0.86376,0.89528,0.70012,0.80297,0.61158,1.44922,0.022304,0.00743468,0.022304,0.00743468,0.022304,0.00743468,0.022304,0.00743468
70,21940.9,0.78326,0.69463,1.3136,0.88011,0.85687,0.89689,0.70243,0.80007,0.61145,1.44761,0.0220988,0.00736625,0.0220988,0.00736625,0.0220988,0.00736625,0.0220988,0.00736625
71,22254.6,0.7807,0.70071,1.3216,0.87066,0.86657,0.89472,0.70097,0.79696,0.61382,1.44505,0.0218918,0.00729725,0.0218918,0.00729725,0.0218918,0.00729725,0.0218918,0.00729725
72,22569,0.77419,0.69407,1.31713,0.8696,0.8695,0.89531,0.70108,0.7954,0.61206,1.44159,0.0216831,0.0072277,0.0216831,0.0072277,0.0216831,0.0072277,0.0216831,0.0072277
73,22884.1,0.77308,0.68234,1.31544,0.87049,0.87144,0.89566,0.70115,0.79509,0.61339,1.44178,0.0214728,0.00715761,0.0214728,0.00715761,0.0214728,0.00715761,0.0214728,0.00715761
74,23199.8,0.7824,0.6888,1.31368,0.86908,0.87652,0.89608,0.70291,0.79252,0.61361,1.43844,0.021261,0.007087,0.021261,0.007087,0.021261,0.007087,0.021261,0.007087
75,23513,0.76897,0.68455,1.30689,0.86691,0.87717,0.89759,0.70528,0.79065,0.61257,1.43461,0.0210476,0.00701588,0.0210476,0.00701588,0.0210476,0.00701588,0.0210476,0.00701588
76,23828.3,0.7573,0.67768,1.29968,0.86544,0.87406,0.89734,0.70581,0.78924,0.61245,1.43292,0.0208328,0.00694428,0.0208328,0.00694428,0.0208328,0.00694428,0.0208328,0.00694428
77,24143.1,0.759,0.67252,1.30084,0.88502,0.85665,0.89862,0.7064,0.789,0.61067,1.43197,0.0206166,0.00687222,0.0206166,0.00687222,0.0206166,0.00687222,0.0206166,0.00687222
78,24459.1,0.75962,0.67211,1.29852,0.86678,0.87405,0.89937,0.70746,0.78878,0.60847,1.4316,0.0203991,0.0067997,0.0203991,0.0067997,0.0203991,0.0067997,0.0203991,0.0067997
79,24773.1,0.75304,0.66845,1.29058,0.86493,0.87801,0.89896,0.70656,0.78802,0.60853,1.43079,0.0201803,0.00672675,0.0201803,0.00672675,0.0201803,0.00672675,0.0201803,0.00672675
80,25087.7,0.75097,0.66097,1.29048,0.86701,0.88031,0.89847,0.70689,0.78753,0.60793,1.43006,0.0199602,0.00665339,0.0199602,0.00665339,0.0199602,0.00665339,0.0199602,0.00665339
81,25402.2,0.75033,0.65103,1.28711,0.87925,0.87075,0.89818,0.70758,0.78794,0.60909,1.43053,0.0197389,0.00657963,0.0197389,0.00657963,0.0197389,0.00657963,0.0197389,0.00657963
82,25716.4,0.74535,0.65478,1.28441,0.87008,0.87962,0.89793,0.70793,0.78768,0.60878,1.4304,0.0195165,0.0065055,0.0195165,0.0065055,0.0195165,0.0065055,0.0195165,0.0065055
83,26030.7,0.73814,0.64987,1.28556,0.87365,0.876,0.89755,0.7083,0.78788,0.61081,1.43049,0.019293,0.00643101,0.019293,0.00643101,0.019293,0.00643101,0.019293,0.00643101
84,26343.9,0.74577,0.65308,1.2903,0.87231,0.87835,0.89777,0.70836,0.78765,0.61086,1.43003,0.0190685,0.00635617,0.0190685,0.00635617,0.0190685,0.00635617,0.0190685,0.00635617
85,26658.1,0.74042,0.63904,1.28165,0.87,0.87906,0.89772,0.70819,0.7877,0.61268,1.43102,0.018843,0.00628101,0.018843,0.00628101,0.018843,0.00628101,0.018843,0.00628101
86,26973.5,0.73732,0.64986,1.2835,0.87748,0.87385,0.89715,0.7084,0.78723,0.61299,1.43127,0.0186167,0.00620555,0.0186167,0.00620555,0.0186167,0.00620555,0.0186167,0.00620555
87,27286.3,0.73622,0.64589,1.27917,0.86876,0.87761,0.89703,0.70719,0.78606,0.61549,1.43067,0.0183894,0.00612981,0.0183894,0.00612981,0.0183894,0.00612981,0.0183894,0.00612981
88,27601,0.73119,0.63767,1.27194,0.86403,0.88224,0.8978,0.70802,0.78528,0.6156,1.42935,0.0181614,0.0060538,0.0181614,0.0060538,0.0181614,0.0060538,0.0181614,0.0060538
89,27914.3,0.73512,0.63824,1.27724,0.8738,0.87324,0.89767,0.70773,0.78546,0.61667,1.43024,0.0179326,0.00597754,0.0179326,0.00597754,0.0179326,0.00597754,0.0179326,0.00597754
90,28229.6,0.72936,0.63781,1.27588,0.86733,0.88024,0.89769,0.70707,0.78476,0.61697,1.43038,0.0177031,0.00590105,0.0177031,0.00590105,0.0177031,0.00590105,0.0177031,0.00590105
91,28542.4,0.72217,0.63318,1.26379,0.87584,0.87231,0.89687,0.7071,0.78385,0.61669,1.43017,0.0174731,0.00582435,0.0174731,0.00582435,0.0174731,0.00582435,0.0174731,0.00582435
92,28857.1,0.71463,0.62602,1.26356,0.8727,0.8782,0.89696,0.70769,0.78273,0.61699,1.42931,0.0172424,0.00574746,0.0172424,0.00574746,0.0172424,0.00574746,0.0172424,0.00574746
93,29171.2,0.71272,0.6165,1.26136,0.87471,0.87657,0.89706,0.70748,0.78176,0.6181,1.42827,0.0170112,0.0056704,0.0170112,0.0056704,0.0170112,0.0056704,0.0170112,0.0056704
94,29484.5,0.70618,0.61349,1.25931,0.87348,0.87582,0.89677,0.7078,0.78068,0.62016,1.42721,0.0167796,0.00559318,0.0167796,0.00559318,0.0167796,0.00559318,0.0167796,0.00559318
95,29798.6,0.7073,0.61171,1.25882,0.87252,0.87784,0.897,0.70843,0.77964,0.61989,1.42651,0.0165475,0.00551584,0.0165475,0.00551584,0.0165475,0.00551584,0.0165475,0.00551584
96,30113.6,0.70504,0.60751,1.25266,0.87162,0.87954,0.89681,0.70826,0.77873,0.61922,1.42569,0.0163151,0.00543837,0.0163151,0.00543837,0.0163151,0.00543837,0.0163151,0.00543837
97,30427.8,0.69775,0.60151,1.25288,0.8759,0.87407,0.89683,0.70864,0.77803,0.61968,1.42488,0.0160824,0.00536081,0.0160824,0.00536081,0.0160824,0.00536081,0.0160824,0.00536081
98,30742.7,0.69837,0.6051,1.25252,0.86733,0.88299,0.8966,0.70835,0.77744,0.62068,1.42478,0.0158495,0.00528318,0.0158495,0.00528318,0.0158495,0.00528318,0.0158495,0.00528318
99,31057,0.69665,0.59734,1.2438,0.86714,0.88251,0.89721,0.70791,0.7772,0.62162,1.42455,0.0156164,0.00520548,0.0156164,0.00520548,0.0156164,0.00520548,0.0156164,0.00520548
100,31370.3,0.69036,0.59879,1.24353,0.86647,0.88276,0.89695,0.70824,0.77673,0.62242,1.42419,0.0153833,0.00512775,0.0153833,0.00512775,0.0153833,0.00512775,0.0153833,0.00512775
101,31683.7,0.6913,0.5999,1.24311,0.87114,0.87909,0.89597,0.70793,0.77675,0.62275,1.42446,0.01515,0.00505,0.01515,0.00505,0.01515,0.00505,0.01515,0.00505
102,31997.5,0.68443,0.58961,1.24098,0.87471,0.8742,0.8962,0.70829,0.77638,0.62372,1.42435,0.0149167,0.00497225,0.0149167,0.00497225,0.0149167,0.00497225,0.0149167,0.00497225
103,32309.6,0.68712,0.58497,1.24385,0.87619,0.8712,0.89633,0.7084,0.77578,0.62489,1.42397,0.0146836,0.00489452,0.0146836,0.00489452,0.0146836,0.00489452,0.0146836,0.00489452
104,32624.3,0.68111,0.58412,1.23648,0.87576,0.8724,0.89632,0.70863,0.77465,0.62656,1.42294,0.0144505,0.00481682,0.0144505,0.00481682,0.0144505,0.00481682,0.0144505,0.00481682
105,32938.2,0.68198,0.58833,1.23704,0.87592,0.87206,0.89612,0.70899,0.77392,0.62783,1.42227,0.0142176,0.00473919,0.0142176,0.00473919,0.0142176,0.00473919,0.0142176,0.00473919
106,33252.1,0.67806,0.5826,1.23031,0.87648,0.87099,0.89601,0.70869,0.77353,0.62819,1.42201,0.0139849,0.00466163,0.0139849,0.00466163,0.0139849,0.00466163,0.0139849,0.00466163
107,33565.9,0.67234,0.58198,1.23147,0.87526,0.87165,0.89592,0.70829,0.77336,0.6287,1.42201,0.0137525,0.00458416,0.0137525,0.00458416,0.0137525,0.00458416,0.0137525,0.00458416
108,33879.4,0.66987,0.57276,1.22448,0.87829,0.8698,0.89591,0.70844,0.77317,0.62969,1.42211,0.0135204,0.00450682,0.0135204,0.00450682,0.0135204,0.00450682,0.0135204,0.00450682
109,34193.6,0.6646,0.56701,1.22198,0.87755,0.86978,0.89594,0.70882,0.77321,0.63138,1.42209,0.0132888,0.0044296,0.0132888,0.0044296,0.0132888,0.0044296,0.0132888,0.0044296
110,34507.5,0.66222,0.56924,1.22136,0.87931,0.8694,0.89631,0.70901,0.77277,0.63275,1.42161,0.0130576,0.00435254,0.0130576,0.00435254,0.0130576,0.00435254,0.0130576,0.00435254
111,34822.3,0.65781,0.55262,1.22074,0.87967,0.86856,0.89641,0.70909,0.77255,0.63388,1.42152,0.0128269,0.00427565,0.0128269,0.00427565,0.0128269,0.00427565,0.0128269,0.00427565
112,35137,0.65481,0.56305,1.21781,0.87914,0.86778,0.8961,0.70885,0.77207,0.63421,1.42118,0.0125969,0.00419895,0.0125969,0.00419895,0.0125969,0.00419895,0.0125969,0.00419895
113,35451,0.65291,0.55328,1.21677,0.87866,0.86761,0.89588,0.70935,0.77153,0.63454,1.42052,0.0123674,0.00412246,0.0123674,0.00412246,0.0123674,0.00412246,0.0123674,0.00412246
114,35764.8,0.64785,0.55456,1.20813,0.87941,0.86715,0.89601,0.70921,0.77114,0.63425,1.42056,0.0121386,0.0040462,0.0121386,0.0040462,0.0121386,0.0040462,0.0121386,0.0040462
115,36079.5,0.64169,0.55284,1.20421,0.87773,0.86888,0.89604,0.7093,0.77117,0.63473,1.42073,0.0119106,0.00397019,0.0119106,0.00397019,0.0119106,0.00397019,0.0119106,0.00397019
116,36392.4,0.64332,0.54744,1.20828,0.8787,0.86845,0.89571,0.70891,0.77102,0.63527,1.42075,0.0116833,0.00389445,0.0116833,0.00389445,0.0116833,0.00389445,0.0116833,0.00389445
117,36705.7,0.64058,0.54506,1.20551,0.87698,0.86917,0.89574,0.70915,0.77006,0.63649,1.41969,0.011457,0.00381899,0.011457,0.00381899,0.011457,0.00381899,0.011457,0.00381899
118,37020.3,0.64182,0.5452,1.20388,0.87739,0.86925,0.8956,0.70903,0.77006,0.63655,1.41992,0.0112315,0.00374383,0.0112315,0.00374383,0.0112315,0.00374383,0.0112315,0.00374383
119,37334.2,0.64052,0.53916,1.20553,0.87825,0.86836,0.89581,0.70959,0.76973,0.63712,1.41954,0.011007,0.00366899,0.011007,0.00366899,0.011007,0.00366899,0.011007,0.00366899
120,37647.9,0.63093,0.54104,1.19822,0.87715,0.86909,0.89587,0.70957,0.76898,0.63649,1.41888,0.0107835,0.0035945,0.0107835,0.0035945,0.0107835,0.0035945,0.0107835,0.0035945
121,37962.5,0.62764,0.52993,1.19418,0.8781,0.86938,0.89599,0.70969,0.76866,0.63652,1.41859,0.0105611,0.00352037,0.0105611,0.00352037,0.0105611,0.00352037,0.0105611,0.00352037
122,38277.5,0.6256,0.53072,1.19335,0.87802,0.86919,0.89525,0.70967,0.76822,0.63651,1.41852,0.0103398,0.00344661,0.0103398,0.00344661,0.0103398,0.00344661,0.0103398,0.00344661
123,38590.5,0.62435,0.52677,1.19247,0.87636,0.86969,0.89514,0.70977,0.7677,0.63706,1.4183,0.0101197,0.00337325,0.0101197,0.00337325,0.0101197,0.00337325,0.0101197,0.00337325
124,38903.3,0.6179,0.52178,1.18984,0.87643,0.86977,0.89499,0.70977,0.76732,0.63669,1.41836,0.0099009,0.0033003,0.0099009,0.0033003,0.0099009,0.0033003,0.0099009,0.0033003
125,39217.6,0.61534,0.52367,1.18904,0.877,0.87005,0.89495,0.70932,0.76709,0.63696,1.41826,0.00968335,0.00322778,0.00968335,0.00322778,0.00968335,0.00322778,0.00968335,0.00322778
126,39532.1,0.61782,0.51853,1.18441,0.87767,0.87019,0.89422,0.70866,0.7666,0.63657,1.41797,0.00946715,0.00315572,0.00946715,0.00315572,0.00946715,0.00315572,0.00946715,0.00315572
127,39845.4,0.60984,0.51568,1.18327,0.87861,0.86828,0.89433,0.70904,0.76599,0.63637,1.41747,0.00925235,0.00308412,0.00925235,0.00308412,0.00925235,0.00308412,0.00925235,0.00308412
128,40159.5,0.60704,0.51072,1.18156,0.87836,0.86792,0.89479,0.70947,0.76574,0.63652,1.41754,0.00903901,0.003013,0.00903901,0.003013,0.00903901,0.003013,0.00903901,0.003013
129,40473.1,0.60807,0.51016,1.1786,0.87835,0.8673,0.89466,0.70938,0.76531,0.63665,1.4173,0.00882718,0.00294239,0.00882718,0.00294239,0.00882718,0.00294239,0.00882718,0.00294239
130,40787.9,0.60002,0.50493,1.17689,0.87753,0.8682,0.89453,0.70933,0.76474,0.63739,1.41697,0.0086169,0.0028723,0.0086169,0.0028723,0.0086169,0.0028723,0.0086169,0.0028723
131,41101.7,0.59871,0.50422,1.17054,0.87821,0.86772,0.89463,0.70957,0.76434,0.6373,1.41675,0.00840824,0.00280275,0.00840824,0.00280275,0.00840824,0.00280275,0.00840824,0.00280275
132,41416.8,0.59686,0.50422,1.17339,0.87729,0.86791,0.89455,0.70983,0.76406,0.6371,1.41684,0.00820124,0.00273375,0.00820124,0.00273375,0.00820124,0.00273375,0.00820124,0.00273375
133,41730.7,0.58252,0.49091,1.1618,0.87777,0.8678,0.89488,0.70983,0.76363,0.63747,1.41658,0.00799596,0.00266532,0.00799596,0.00266532,0.00799596,0.00266532,0.00799596,0.00266532
134,42044.7,0.58564,0.49005,1.16432,0.87617,0.86909,0.89447,0.70987,0.76342,0.63786,1.41663,0.00779244,0.00259748,0.00779244,0.00259748,0.00779244,0.00259748,0.00779244,0.00259748
135,42358.1,0.58552,0.48425,1.16635,0.87656,0.8705,0.8945,0.70991,0.76314,0.63805,1.41647,0.00759073,0.00253024,0.00759073,0.00253024,0.00759073,0.00253024,0.00759073,0.00253024
136,42672.2,0.58727,0.49203,1.16338,0.8755,0.87067,0.89446,0.70998,0.76283,0.6385,1.4163,0.0073909,0.00246363,0.0073909,0.00246363,0.0073909,0.00246363,0.0073909,0.00246363
137,42984.6,0.57905,0.4858,1.15867,0.87419,0.87082,0.89446,0.71041,0.7623,0.63857,1.41612,0.00719297,0.00239766,0.00719297,0.00239766,0.00719297,0.00239766,0.00719297,0.00239766
138,43296.6,0.58285,0.491,1.16292,0.87641,0.86907,0.89445,0.71016,0.76211,0.63932,1.41645,0.00699701,0.00233234,0.00699701,0.00233234,0.00699701,0.00233234,0.00699701,0.00233234
139,43607.4,0.57335,0.48577,1.15442,0.8764,0.86916,0.89447,0.7099,0.7617,0.63928,1.41634,0.00680306,0.00226769,0.00680306,0.00226769,0.00680306,0.00226769,0.00680306,0.00226769
140,43918.5,0.57345,0.4781,1.15405,0.87535,0.86862,0.89367,0.71024,0.76148,0.63957,1.41647,0.00661117,0.00220372,0.00661117,0.00220372,0.00661117,0.00220372,0.00661117,0.00220372
141,44230,0.56932,0.47358,1.1532,0.87495,0.8692,0.89372,0.71012,0.76121,0.64034,1.4164,0.00642139,0.00214046,0.00642139,0.00214046,0.00642139,0.00214046,0.00642139,0.00214046
142,44541,0.56353,0.47697,1.14901,0.87507,0.86877,0.89272,0.71011,0.76095,0.64022,1.41615,0.00623376,0.00207792,0.00623376,0.00207792,0.00623376,0.00207792,0.00623376,0.00207792
143,44851.6,0.56355,0.47354,1.14879,0.87647,0.8676,0.8927,0.71027,0.76068,0.6406,1.41618,0.00604833,0.00201611,0.00604833,0.00201611,0.00604833,0.00201611,0.00604833,0.00201611
144,45162.2,0.56041,0.46772,1.14589,0.87604,0.86831,0.892,0.7104,0.76035,0.64055,1.4162,0.00586515,0.00195505,0.00586515,0.00195505,0.00586515,0.00195505,0.00586515,0.00195505
145,45474.4,0.56109,0.4636,1.14621,0.87451,0.86857,0.89189,0.71023,0.76027,0.64085,1.41628,0.00568425,0.00189475,0.00568425,0.00189475,0.00568425,0.00189475,0.00568425,0.00189475
146,45785.8,0.54855,0.46083,1.1378,0.87428,0.86898,0.89192,0.71066,0.75998,0.64126,1.41645,0.0055057,0.00183523,0.0055057,0.00183523,0.0055057,0.00183523,0.0055057,0.00183523
147,46098.1,0.54918,0.46257,1.13851,0.87395,0.86931,0.89202,0.71067,0.75956,0.641,1.41642,0.00532952,0.00177651,0.00532952,0.00177651,0.00532952,0.00177651,0.00532952,0.00177651
148,46411.1,0.55049,0.45938,1.1386,0.87234,0.87024,0.89174,0.71027,0.75935,0.64142,1.41643,0.00515576,0.00171859,0.00515576,0.00171859,0.00515576,0.00171859,0.00515576,0.00171859
149,46722.7,0.54661,0.44986,1.13541,0.87156,0.87157,0.89172,0.71037,0.75927,0.64179,1.41684,0.00498448,0.00166149,0.00498448,0.00166149,0.00498448,0.00166149,0.00498448,0.00166149
150,47033,0.54592,0.45006,1.12978,0.87371,0.87099,0.89164,0.71061,0.75902,0.64176,1.41695,0.00481569,0.00160523,0.00481569,0.00160523,0.00481569,0.00160523,0.00481569,0.00160523
151,47344.5,0.54021,0.44502,1.13405,0.87513,0.8709,0.89171,0.7107,0.75901,0.64183,1.41724,0.00464946,0.00154982,0.00464946,0.00154982,0.00464946,0.00154982,0.00464946,0.00154982
152,47656.6,0.53915,0.44327,1.13131,0.87626,0.8703,0.89138,0.7102,0.75896,0.64199,1.41747,0.00448582,0.00149527,0.00448582,0.00149527,0.00448582,0.00149527,0.00448582,0.00149527
153,47967.8,0.53524,0.44494,1.12805,0.87708,0.86906,0.89135,0.71034,0.75888,0.64237,1.41761,0.00432482,0.00144161,0.00432482,0.00144161,0.00432482,0.00144161,0.00432482,0.00144161
154,48281.4,0.52821,0.44515,1.12563,0.87685,0.86901,0.89151,0.71027,0.75885,0.64327,1.4179,0.00416648,0.00138883,0.00416648,0.00138883,0.00416648,0.00138883,0.00416648,0.00138883
155,48593.3,0.53049,0.43629,1.12222,0.87764,0.86896,0.89141,0.7106,0.75868,0.64337,1.41801,0.00401085,0.00133695,0.00401085,0.00133695,0.00401085,0.00133695,0.00401085,0.00133695
156,48905.3,0.52738,0.43542,1.12123,0.8772,0.86905,0.89143,0.71052,0.75827,0.64324,1.41793,0.00385797,0.00128599,0.00385797,0.00128599,0.00385797,0.00128599,0.00385797,0.00128599
157,49216.1,0.5257,0.43641,1.12068,0.87718,0.86925,0.89119,0.7108,0.7579,0.64314,1.41812,0.00370788,0.00123596,0.00370788,0.00123596,0.00370788,0.00123596,0.00370788,0.00123596
158,49528.7,0.52104,0.4315,1.11556,0.87653,0.86889,0.8911,0.71098,0.75782,0.64335,1.41843,0.00356061,0.00118687,0.00356061,0.00118687,0.00356061,0.00118687,0.00356061,0.00118687
159,49839.9,0.51352,0.42617,1.11327,0.87693,0.86881,0.89103,0.71091,0.75817,0.6437,1.41897,0.0034162,0.00113873,0.0034162,0.00113873,0.0034162,0.00113873,0.0034162,0.00113873
160,50152.4,0.51847,0.42602,1.11397,0.87722,0.86762,0.89097,0.71109,0.75815,0.6437,1.41936,0.00327468,0.00109156,0.00327468,0.00109156,0.00327468,0.00109156,0.00327468,0.00109156
161,50464,0.51847,0.42691,1.11176,0.87885,0.86681,0.89088,0.71092,0.75798,0.64391,1.41951,0.0031361,0.00104537,0.0031361,0.00104537,0.0031361,0.00104537,0.0031361,0.00104537
162,50776.7,0.50998,0.42607,1.11002,0.87815,0.86764,0.89094,0.71134,0.75765,0.64422,1.41937,0.00300048,0.00100016,0.00300048,0.00100016,0.00300048,0.00100016,0.00300048,0.00100016
163,51088,0.5134,0.42406,1.11323,0.87804,0.86676,0.88977,0.71086,0.75752,0.64508,1.41948,0.00286785,0.000955951,0.00286785,0.000955951,0.00286785,0.000955951,0.00286785,0.000955951
164,51398.3,0.50966,0.42101,1.11019,0.87756,0.866,0.88917,0.71112,0.75747,0.64575,1.41965,0.00273826,0.000912754,0.00273826,0.000912754,0.00273826,0.000912754,0.00273826,0.000912754
165,51710.3,0.50668,0.41669,1.1073,0.87631,0.86698,0.88938,0.71154,0.75721,0.64603,1.41959,0.00261173,0.000870577,0.00261173,0.000870577,0.00261173,0.000870577,0.00261173,0.000870577
166,52024.4,0.50629,0.41561,1.1068,0.87608,0.86796,0.88937,0.71149,0.75714,0.64667,1.41974,0.00248829,0.000829431,0.00248829,0.000829431,0.00248829,0.000829431,0.00248829,0.000829431
167,52336.9,0.50234,0.41187,1.104,0.87581,0.86851,0.88945,0.71144,0.75685,0.64666,1.41989,0.00236798,0.000789327,0.00236798,0.000789327,0.00236798,0.000789327,0.00236798,0.000789327
168,52650.2,0.5003,0.40742,1.10275,0.87627,0.86842,0.88945,0.71104,0.75662,0.64755,1.42002,0.00225082,0.000750274,0.00225082,0.000750274,0.00225082,0.000750274,0.00225082,0.000750274
169,52962.7,0.49715,0.41155,1.1025,0.87586,0.86828,0.88922,0.71069,0.75643,0.64832,1.42014,0.00213685,0.000712282,0.00213685,0.000712282,0.00213685,0.000712282,0.00213685,0.000712282
170,53274.6,0.49959,0.41145,1.10159,0.87606,0.86878,0.88925,0.7112,0.75606,0.64842,1.42008,0.00202608,0.00067536,0.00202608,0.00067536,0.00202608,0.00067536,0.00202608,0.00067536
171,53585.8,0.49963,0.41014,1.10236,0.87597,0.86903,0.88885,0.7109,0.75603,0.6487,1.42024,0.00191855,0.000639518,0.00191855,0.000639518,0.00191855,0.000639518,0.00191855,0.000639518
172,53898.8,0.49256,0.40491,1.09955,0.87633,0.86889,0.88864,0.71084,0.75623,0.64925,1.42097,0.00181429,0.000604763,0.00181429,0.000604763,0.00181429,0.000604763,0.00181429,0.000604763
173,54210.5,0.49031,0.40185,1.09683,0.87671,0.86762,0.8884,0.71051,0.75625,0.64995,1.42127,0.00171332,0.000571106,0.00171332,0.000571106,0.00171332,0.000571106,0.00171332,0.000571106
174,54523.5,0.48954,0.40325,1.09589,0.87642,0.86851,0.88842,0.71069,0.75599,0.65032,1.42152,0.00161566,0.000538554,0.00161566,0.000538554,0.00161566,0.000538554,0.00161566,0.000538554
175,54835.3,0.49108,0.39843,1.09803,0.87615,0.86844,0.88873,0.71089,0.75592,0.65079,1.42185,0.00152134,0.000507115,0.00152134,0.000507115,0.00152134,0.000507115,0.00152134,0.000507115
176,55146.5,0.48807,0.40438,1.09657,0.87685,0.86809,0.88822,0.71041,0.7558,0.65134,1.42217,0.00143039,0.000476796,0.00143039,0.000476796,0.00143039,0.000476796,0.00143039,0.000476796
177,55459.9,0.48479,0.39882,1.0947,0.87705,0.86825,0.8881,0.71065,0.75572,0.65161,1.42254,0.00134282,0.000447606,0.00134282,0.000447606,0.00134282,0.000447606,0.00134282,0.000447606
178,55771.7,0.49127,0.40067,1.099,0.87745,0.86814,0.8881,0.71026,0.75568,0.65238,1.42287,0.00125866,0.000419552,0.00125866,0.000419552,0.00125866,0.000419552,0.00125866,0.000419552
179,56083.6,0.48882,0.40055,1.09615,0.87749,0.86753,0.88802,0.71044,0.75568,0.65305,1.42333,0.00117792,0.00039264,0.00117792,0.00039264,0.00117792,0.00039264,0.00117792,0.00039264
180,56394.6,0.48463,0.39434,1.093,0.87624,0.86796,0.88786,0.70973,0.75548,0.6534,1.42338,0.00110063,0.000366877,0.00110063,0.000366877,0.00110063,0.000366877,0.00110063,0.000366877
181,56707,0.4807,0.39746,1.09097,0.87701,0.86803,0.88728,0.70965,0.75529,0.65425,1.42342,0.00102681,0.00034227,0.00102681,0.00034227,0.00102681,0.00034227,0.00102681,0.00034227
182,57018.6,0.4818,0.3979,1.09101,0.87722,0.86791,0.88629,0.70871,0.75527,0.65515,1.42381,0.000956474,0.000318825,0.000956474,0.000318825,0.000956474,0.000318825,0.000956474,0.000318825
183,57329.7,0.48199,0.39863,1.0912,0.87698,0.86841,0.88645,0.70881,0.75503,0.65565,1.42389,0.000889639,0.000296546,0.000889639,0.000296546,0.000889639,0.000296546,0.000889639,0.000296546
184,57641.9,0.48085,0.39256,1.08901,0.87696,0.86811,0.88636,0.70919,0.75505,0.65648,1.42433,0.000826322,0.000275441,0.000826322,0.000275441,0.000826322,0.000275441,0.000826322,0.000275441
185,57954.6,0.48055,0.39498,1.09121,0.87713,0.86798,0.88634,0.70897,0.75506,0.65711,1.42485,0.00076654,0.000255513,0.00076654,0.000255513,0.00076654,0.000255513,0.00076654,0.000255513
186,58266.8,0.47828,0.38933,1.08908,0.87727,0.86815,0.88634,0.70876,0.75474,0.65746,1.42503,0.000710307,0.000236769,0.000710307,0.000236769,0.000710307,0.000236769,0.000710307,0.000236769
187,58578.2,0.47867,0.39087,1.08783,0.87632,0.86871,0.8861,0.70841,0.75469,0.65822,1.42539,0.000657636,0.000219212,0.000657636,0.000219212,0.000657636,0.000219212,0.000657636,0.000219212
188,58891.4,0.47901,0.3913,1.08806,0.87662,0.86838,0.88605,0.70814,0.75464,0.65892,1.42585,0.000608541,0.000202847,0.000608541,0.000202847,0.000608541,0.000202847,0.000608541,0.000202847
189,59203.7,0.47127,0.38725,1.08597,0.87745,0.86828,0.88602,0.70842,0.75456,0.65903,1.42619,0.000563034,0.000187678,0.000563034,0.000187678,0.000563034,0.000187678,0.000563034,0.000187678
190,59516.2,0.47269,0.38736,1.08581,0.87743,0.86847,0.88574,0.70819,0.7543,0.65953,1.42646,0.000521127,0.000173709,0.000521127,0.000173709,0.000521127,0.000173709,0.000521127,0.000173709
191,59845.3,0.40326,0.29108,0.9927,0.87765,0.86814,0.88486,0.70836,0.75434,0.65893,1.42686,0.000482828,0.000160943,0.000482828,0.000160943,0.000482828,0.000160943,0.000482828,0.000160943
192,60159.7,0.3949,0.28393,0.98227,0.87733,0.86858,0.88476,0.70815,0.75429,0.6592,1.42746,0.000448149,0.000149383,0.000448149,0.000149383,0.000448149,0.000149383,0.000448149,0.000149383
193,60466.9,0.39579,0.28438,0.98679,0.87723,0.86867,0.88464,0.70815,0.75428,0.65951,1.42787,0.000417097,0.000139032,0.000417097,0.000139032,0.000417097,0.000139032,0.000417097,0.000139032
194,60774.5,0.39191,0.27969,0.98405,0.87705,0.86862,0.88391,0.70765,0.75437,0.65987,1.4286,0.00038968,0.000129893,0.00038968,0.000129893,0.00038968,0.000129893,0.00038968,0.000129893
195,61082.2,0.3928,0.27909,0.98222,0.87716,0.86862,0.88393,0.70756,0.75421,0.65979,1.42902,0.000365905,0.000121968,0.000365905,0.000121968,0.000365905,0.000121968,0.000365905,0.000121968
196,61388.8,0.38896,0.2773,0.97922,0.87757,0.86758,0.88384,0.70731,0.75445,0.66056,1.42963,0.000345778,0.000115259,0.000345778,0.000115259,0.000345778,0.000115259,0.000345778,0.000115259
197,61695.1,0.38698,0.27711,0.9811,0.87795,0.86642,0.88315,0.70729,0.75429,0.66107,1.43011,0.000329303,0.000109768,0.000329303,0.000109768,0.000329303,0.000109768,0.000329303,0.000109768
198,62002,0.38278,0.27696,0.97725,0.87594,0.86824,0.88323,0.70732,0.75427,0.66113,1.43071,0.000316485,0.000105495,0.000316485,0.000105495,0.000316485,0.000105495,0.000316485,0.000105495
199,62307.3,0.38572,0.27721,0.97831,0.8753,0.86784,0.88309,0.70653,0.75445,0.66159,1.43146,0.000307328,0.000102443,0.000307328,0.000102443,0.000307328,0.000102443,0.000307328,0.000102443
200,62621.6,0.38691,0.27535,0.97915,0.87405,0.86805,0.88302,0.70662,0.75443,0.66163,1.43201,0.000301832,0.000100611,0.000301832,0.000100611,0.000301832,0.000100611,0.000301832,0.000100611
